{"cameraMode":{"drawMode":0,"name":"Shaded","section":"Shading Mode"},"sceneLighting":true,"audioPlay":false,"sceneViewState":{"m_AlwaysRefresh":false,"showFog":true,"showSkybox":true,"showFlares":true,"showImageEffects":true,"showParticleSystems":true,"showVisualEffectGraphs":true,"m_FxEnabled":true},"in2DMode":false,"pivot":{"x":1.0094021558761597,"y":-0.03828425332903862,"z":-0.20730724930763246},"rotation":{"x":-0.07944978773593903,"y":0.907313883304596,"z":-0.1993803232908249,"w":-0.36155030131340029},"size":0.90739506483078,"orthographic":false}